token_ids,Q05_Valuation,Q95_Valuation
1,0.025529038,0.615747851
2,0.025529038,0.615747851
3,0.025529038,0.615747851
4,0.025529038,0.615747851
5,1.187506698,3.513745934
6,1.209983126,3.620599735
7,4.463853,22.62436018
8,1.268362995,3.452960513
9,3.953232895,16.38866452
10,1.470756771,4.642304594
